Title,URL handle,Description,Vendor,Product category,Type,Tags,Published on online store,Status,SKU,Barcode,Option1 name,Option1 value,Option1 LinkedTo,Option2 name,Option2 value,Option2 LinkedTo,Price,Price / International,Compare-at price,Compare-at price / International,Cost per item,Charge tax,Inventory tracker,Inventory quantity,Continue selling when out of stock,Weight value (grams),Weight unit for display,Requires shipping,Fulfillment service,Product image URL,Image position,Image alt text,Variant image URL,Gift card,SEO title,SEO description,Google Shopping / Google Product Category
Rumeds Pro Flex Men's Scrub Top,rumeds-pro-flex-mens-scrub-top,"<p>Premium medical scrub engineered for long hospital shifts. Rumeds Pro Flex fabric delivers 4-way stretch, antimicrobial protection, and moisture-wicking comfort.</p>
<ul>
<li>4-way stretch for full range of motion</li>
<li>Antimicrobial and odor-resistant finish</li>
<li>Moisture-wicking, breathable weave</li>
<li>Ergonomic pocket placement for rounds</li>
<li>Machine washable and fade-resistant</li>
</ul>",Rumeds,Apparel & Accessories > Clothing > Uniforms > Scrubs,Scrub Top,"men, scrubs, tops, pro-flex, medical-apparel",true,active,RM-MTOP-NVY-S,,Color,Navy,,Size,S,,1899.00,,2299.00,,850.00,true,shopify,50,deny,280,g,true,manual,,,,,false,Rumeds Pro Flex Men's Scrub Top | 4-Way Stretch Scrubs,"Premium men's scrub top with 4-way stretch, antimicrobial finish, and moisture-wicking fabric for long hospital shifts.",Apparel & Accessories > Clothing > Uniforms > Scrubs
,rumeds-pro-flex-mens-scrub-top,,,,,,,,RM-MTOP-NVY-M,,Color,Navy,,Size,M,,1899.00,,2299.00,,850.00,true,shopify,50,deny,280,g,true,manual,,,,,false,,,
,rumeds-pro-flex-mens-scrub-top,,,,,,,,RM-MTOP-NVY-L,,Color,Navy,,Size,L,,1899.00,,2299.00,,850.00,true,shopify,50,deny,280,g,true,manual,,,,,false,,,
,rumeds-pro-flex-mens-scrub-top,,,,,,,,RM-MTOP-NVY-XL,,Color,Navy,,Size,XL,,1899.00,,2299.00,,850.00,true,shopify,50,deny,280,g,true,manual,,,,,false,,,
,rumeds-pro-flex-mens-scrub-top,,,,,,,,RM-MTOP-NVY-XXL,,Color,Navy,,Size,XXL,,1899.00,,2299.00,,850.00,true,shopify,50,deny,280,g,true,manual,,,,,false,,,
,rumeds-pro-flex-mens-scrub-top,,,,,,,,RM-MTOP-CBL-S,,Color,Ceil Blue,,Size,S,,1899.00,,2299.00,,850.00,true,shopify,50,deny,280,g,true,manual,,,,,false,,,
,rumeds-pro-flex-mens-scrub-top,,,,,,,,RM-MTOP-CBL-M,,Color,Ceil Blue,,Size,M,,1899.00,,2299.00,,850.00,true,shopify,50,deny,280,g,true,manual,,,,,false,,,
,rumeds-pro-flex-mens-scrub-top,,,,,,,,RM-MTOP-CBL-L,,Color,Ceil Blue,,Size,L,,1899.00,,2299.00,,850.00,true,shopify,50,deny,280,g,true,manual,,,,,false,,,
,rumeds-pro-flex-mens-scrub-top,,,,,,,,RM-MTOP-CBL-XL,,Color,Ceil Blue,,Size,XL,,1899.00,,2299.00,,850.00,true,shopify,50,deny,280,g,true,manual,,,,,false,,,
,rumeds-pro-flex-mens-scrub-top,,,,,,,,RM-MTOP-CBL-XXL,,Color,Ceil Blue,,Size,XXL,,1899.00,,2299.00,,850.00,true,shopify,50,deny,280,g,true,manual,,,,,false,,,
,rumeds-pro-flex-mens-scrub-top,,,,,,,,RM-MTOP-BLK-S,,Color,Black,,Size,S,,1899.00,,2299.00,,850.00,true,shopify,50,deny,280,g,true,manual,,,,,false,,,
,rumeds-pro-flex-mens-scrub-top,,,,,,,,RM-MTOP-BLK-M,,Color,Black,,Size,M,,1899.00,,2299.00,,850.00,true,shopify,50,deny,280,g,true,manual,,,,,false,,,
,rumeds-pro-flex-mens-scrub-top,,,,,,,,RM-MTOP-BLK-L,,Color,Black,,Size,L,,1899.00,,2299.00,,850.00,true,shopify,50,deny,280,g,true,manual,,,,,false,,,
,rumeds-pro-flex-mens-scrub-top,,,,,,,,RM-MTOP-BLK-XL,,Color,Black,,Size,XL,,1899.00,,2299.00,,850.00,true,shopify,50,deny,280,g,true,manual,,,,,false,,,
,rumeds-pro-flex-mens-scrub-top,,,,,,,,RM-MTOP-BLK-XXL,,Color,Black,,Size,XXL,,1899.00,,2299.00,,850.00,true,shopify,50,deny,280,g,true,manual,,,,,false,,,
,rumeds-pro-flex-mens-scrub-top,,,,,,,,RM-MTOP-GRY-S,,Color,Graphite Grey,,Size,S,,1899.00,,2299.00,,850.00,true,shopify,50,deny,280,g,true,manual,,,,,false,,,
,rumeds-pro-flex-mens-scrub-top,,,,,,,,RM-MTOP-GRY-M,,Color,Graphite Grey,,Size,M,,1899.00,,2299.00,,850.00,true,shopify,50,deny,280,g,true,manual,,,,,false,,,
,rumeds-pro-flex-mens-scrub-top,,,,,,,,RM-MTOP-GRY-L,,Color,Graphite Grey,,Size,L,,1899.00,,2299.00,,850.00,true,shopify,50,deny,280,g,true,manual,,,,,false,,,
,rumeds-pro-flex-mens-scrub-top,,,,,,,,RM-MTOP-GRY-XL,,Color,Graphite Grey,,Size,XL,,1899.00,,2299.00,,850.00,true,shopify,50,deny,280,g,true,manual,,,,,false,,,
,rumeds-pro-flex-mens-scrub-top,,,,,,,,RM-MTOP-GRY-XXL,,Color,Graphite Grey,,Size,XXL,,1899.00,,2299.00,,850.00,true,shopify,50,deny,280,g,true,manual,,,,,false,,,
,rumeds-pro-flex-mens-scrub-top,,,,,,,,RM-MTOP-WIN-S,,Color,Wine,,Size,S,,1899.00,,2299.00,,850.00,true,shopify,50,deny,280,g,true,manual,,,,,false,,,
,rumeds-pro-flex-mens-scrub-top,,,,,,,,RM-MTOP-WIN-M,,Color,Wine,,Size,M,,1899.00,,2299.00,,850.00,true,shopify,50,deny,280,g,true,manual,,,,,false,,,
,rumeds-pro-flex-mens-scrub-top,,,,,,,,RM-MTOP-WIN-L,,Color,Wine,,Size,L,,1899.00,,2299.00,,850.00,true,shopify,50,deny,280,g,true,manual,,,,,false,,,
,rumeds-pro-flex-mens-scrub-top,,,,,,,,RM-MTOP-WIN-XL,,Color,Wine,,Size,XL,,1899.00,,2299.00,,850.00,true,shopify,50,deny,280,g,true,manual,,,,,false,,,
,rumeds-pro-flex-mens-scrub-top,,,,,,,,RM-MTOP-WIN-XXL,,Color,Wine,,Size,XXL,,1899.00,,2299.00,,850.00,true,shopify,50,deny,280,g,true,manual,,,,,false,,,
Rumeds Pro Flex Men's Scrub Pants,rumeds-pro-flex-mens-scrub-pants,"<p>Premium medical scrub engineered for long hospital shifts. Rumeds Pro Flex fabric delivers 4-way stretch, antimicrobial protection, and moisture-wicking comfort.</p>
<ul>
<li>4-way stretch for full range of motion</li>
<li>Antimicrobial and odor-resistant finish</li>
<li>Moisture-wicking, breathable weave</li>
<li>Ergonomic pocket placement for rounds</li>
<li>Machine washable and fade-resistant</li>
</ul>",Rumeds,Apparel & Accessories > Clothing > Uniforms > Scrubs,Scrub Pants,"men, scrubs, pants, pro-flex, medical-apparel",true,active,RM-MPNT-NVY-S,,Color,Navy,,Size,S,,1899.00,,2299.00,,900.00,true,shopify,50,deny,380,g,true,manual,,,,,false,Rumeds Pro Flex Men's Scrub Pants | Stretch Medical Pants,"Comfortable men's scrub pants with yoga-inspired waistband, 4-way stretch, and antimicrobial fabric.",Apparel & Accessories > Clothing > Uniforms > Scrubs
,rumeds-pro-flex-mens-scrub-pants,,,,,,,,RM-MPNT-NVY-M,,Color,Navy,,Size,M,,1899.00,,2299.00,,900.00,true,shopify,50,deny,380,g,true,manual,,,,,false,,,
,rumeds-pro-flex-mens-scrub-pants,,,,,,,,RM-MPNT-NVY-L,,Color,Navy,,Size,L,,1899.00,,2299.00,,900.00,true,shopify,50,deny,380,g,true,manual,,,,,false,,,
,rumeds-pro-flex-mens-scrub-pants,,,,,,,,RM-MPNT-NVY-XL,,Color,Navy,,Size,XL,,1899.00,,2299.00,,900.00,true,shopify,50,deny,380,g,true,manual,,,,,false,,,
,rumeds-pro-flex-mens-scrub-pants,,,,,,,,RM-MPNT-NVY-XXL,,Color,Navy,,Size,XXL,,1899.00,,2299.00,,900.00,true,shopify,50,deny,380,g,true,manual,,,,,false,,,
,rumeds-pro-flex-mens-scrub-pants,,,,,,,,RM-MPNT-CBL-S,,Color,Ceil Blue,,Size,S,,1899.00,,2299.00,,900.00,true,shopify,50,deny,380,g,true,manual,,,,,false,,,
,rumeds-pro-flex-mens-scrub-pants,,,,,,,,RM-MPNT-CBL-M,,Color,Ceil Blue,,Size,M,,1899.00,,2299.00,,900.00,true,shopify,50,deny,380,g,true,manual,,,,,false,,,
,rumeds-pro-flex-mens-scrub-pants,,,,,,,,RM-MPNT-CBL-L,,Color,Ceil Blue,,Size,L,,1899.00,,2299.00,,900.00,true,shopify,50,deny,380,g,true,manual,,,,,false,,,
,rumeds-pro-flex-mens-scrub-pants,,,,,,,,RM-MPNT-CBL-XL,,Color,Ceil Blue,,Size,XL,,1899.00,,2299.00,,900.00,true,shopify,50,deny,380,g,true,manual,,,,,false,,,
,rumeds-pro-flex-mens-scrub-pants,,,,,,,,RM-MPNT-CBL-XXL,,Color,Ceil Blue,,Size,XXL,,1899.00,,2299.00,,900.00,true,shopify,50,deny,380,g,true,manual,,,,,false,,,
,rumeds-pro-flex-mens-scrub-pants,,,,,,,,RM-MPNT-BLK-S,,Color,Black,,Size,S,,1899.00,,2299.00,,900.00,true,shopify,50,deny,380,g,true,manual,,,,,false,,,
,rumeds-pro-flex-mens-scrub-pants,,,,,,,,RM-MPNT-BLK-M,,Color,Black,,Size,M,,1899.00,,2299.00,,900.00,true,shopify,50,deny,380,g,true,manual,,,,,false,,,
,rumeds-pro-flex-mens-scrub-pants,,,,,,,,RM-MPNT-BLK-L,,Color,Black,,Size,L,,1899.00,,2299.00,,900.00,true,shopify,50,deny,380,g,true,manual,,,,,false,,,
,rumeds-pro-flex-mens-scrub-pants,,,,,,,,RM-MPNT-BLK-XL,,Color,Black,,Size,XL,,1899.00,,2299.00,,900.00,true,shopify,50,deny,380,g,true,manual,,,,,false,,,
,rumeds-pro-flex-mens-scrub-pants,,,,,,,,RM-MPNT-BLK-XXL,,Color,Black,,Size,XXL,,1899.00,,2299.00,,900.00,true,shopify,50,deny,380,g,true,manual,,,,,false,,,
,rumeds-pro-flex-mens-scrub-pants,,,,,,,,RM-MPNT-GRY-S,,Color,Graphite Grey,,Size,S,,1899.00,,2299.00,,900.00,true,shopify,50,deny,380,g,true,manual,,,,,false,,,
,rumeds-pro-flex-mens-scrub-pants,,,,,,,,RM-MPNT-GRY-M,,Color,Graphite Grey,,Size,M,,1899.00,,2299.00,,900.00,true,shopify,50,deny,380,g,true,manual,,,,,false,,,
,rumeds-pro-flex-mens-scrub-pants,,,,,,,,RM-MPNT-GRY-L,,Color,Graphite Grey,,Size,L,,1899.00,,2299.00,,900.00,true,shopify,50,deny,380,g,true,manual,,,,,false,,,
,rumeds-pro-flex-mens-scrub-pants,,,,,,,,RM-MPNT-GRY-XL,,Color,Graphite Grey,,Size,XL,,1899.00,,2299.00,,900.00,true,shopify,50,deny,380,g,true,manual,,,,,false,,,
,rumeds-pro-flex-mens-scrub-pants,,,,,,,,RM-MPNT-GRY-XXL,,Color,Graphite Grey,,Size,XXL,,1899.00,,2299.00,,900.00,true,shopify,50,deny,380,g,true,manual,,,,,false,,,
,rumeds-pro-flex-mens-scrub-pants,,,,,,,,RM-MPNT-WIN-S,,Color,Wine,,Size,S,,1899.00,,2299.00,,900.00,true,shopify,50,deny,380,g,true,manual,,,,,false,,,
,rumeds-pro-flex-mens-scrub-pants,,,,,,,,RM-MPNT-WIN-M,,Color,Wine,,Size,M,,1899.00,,2299.00,,900.00,true,shopify,50,deny,380,g,true,manual,,,,,false,,,
,rumeds-pro-flex-mens-scrub-pants,,,,,,,,RM-MPNT-WIN-L,,Color,Wine,,Size,L,,1899.00,,2299.00,,900.00,true,shopify,50,deny,380,g,true,manual,,,,,false,,,
,rumeds-pro-flex-mens-scrub-pants,,,,,,,,RM-MPNT-WIN-XL,,Color,Wine,,Size,XL,,1899.00,,2299.00,,900.00,true,shopify,50,deny,380,g,true,manual,,,,,false,,,
,rumeds-pro-flex-mens-scrub-pants,,,,,,,,RM-MPNT-WIN-XXL,,Color,Wine,,Size,XXL,,1899.00,,2299.00,,900.00,true,shopify,50,deny,380,g,true,manual,,,,,false,,,
Rumeds Pro Flex Women's Scrub Top,rumeds-pro-flex-womens-scrub-top,"<p>Tailored women's scrub top with a flattering fit and Rumeds Pro Flex performance fabric. Designed for female doctors and residents who need style and function on long shifts.</p><ul><li>Fitted silhouette with side slits for mobility</li><li>4-way stretch and antimicrobial finish</li><li>Moisture-wicking, breathable fabric</li><li>Multiple utility pockets</li></ul>",Rumeds,Apparel & Accessories > Clothing > Uniforms > Scrubs,Scrub Top,"women, scrubs, tops, pro-flex, medical-apparel",true,active,RM-WTOP-NVY-XS,,Color,Navy,,Size,XS,,1899.00,,2299.00,,850.00,true,shopify,50,deny,260,g,true,manual,,,,,false,Rumeds Pro Flex Women's Scrub Top | Fitted Medical Scrubs,Fitted women's scrub top with 4-way stretch and antimicrobial fabric. Built for long hospital shifts.,Apparel & Accessories > Clothing > Uniforms > Scrubs
,rumeds-pro-flex-womens-scrub-top,,,,,,,,RM-WTOP-NVY-S,,Color,Navy,,Size,S,,1899.00,,2299.00,,850.00,true,shopify,50,deny,260,g,true,manual,,,,,false,,,
,rumeds-pro-flex-womens-scrub-top,,,,,,,,RM-WTOP-NVY-M,,Color,Navy,,Size,M,,1899.00,,2299.00,,850.00,true,shopify,50,deny,260,g,true,manual,,,,,false,,,
,rumeds-pro-flex-womens-scrub-top,,,,,,,,RM-WTOP-NVY-L,,Color,Navy,,Size,L,,1899.00,,2299.00,,850.00,true,shopify,50,deny,260,g,true,manual,,,,,false,,,
,rumeds-pro-flex-womens-scrub-top,,,,,,,,RM-WTOP-NVY-XL,,Color,Navy,,Size,XL,,1899.00,,2299.00,,850.00,true,shopify,50,deny,260,g,true,manual,,,,,false,,,
,rumeds-pro-flex-womens-scrub-top,,,,,,,,RM-WTOP-NVY-XXL,,Color,Navy,,Size,XXL,,1899.00,,2299.00,,850.00,true,shopify,50,deny,260,g,true,manual,,,,,false,,,
,rumeds-pro-flex-womens-scrub-top,,,,,,,,RM-WTOP-CBL-XS,,Color,Ceil Blue,,Size,XS,,1899.00,,2299.00,,850.00,true,shopify,50,deny,260,g,true,manual,,,,,false,,,
,rumeds-pro-flex-womens-scrub-top,,,,,,,,RM-WTOP-CBL-S,,Color,Ceil Blue,,Size,S,,1899.00,,2299.00,,850.00,true,shopify,50,deny,260,g,true,manual,,,,,false,,,
,rumeds-pro-flex-womens-scrub-top,,,,,,,,RM-WTOP-CBL-M,,Color,Ceil Blue,,Size,M,,1899.00,,2299.00,,850.00,true,shopify,50,deny,260,g,true,manual,,,,,false,,,
,rumeds-pro-flex-womens-scrub-top,,,,,,,,RM-WTOP-CBL-L,,Color,Ceil Blue,,Size,L,,1899.00,,2299.00,,850.00,true,shopify,50,deny,260,g,true,manual,,,,,false,,,
,rumeds-pro-flex-womens-scrub-top,,,,,,,,RM-WTOP-CBL-XL,,Color,Ceil Blue,,Size,XL,,1899.00,,2299.00,,850.00,true,shopify,50,deny,260,g,true,manual,,,,,false,,,
,rumeds-pro-flex-womens-scrub-top,,,,,,,,RM-WTOP-CBL-XXL,,Color,Ceil Blue,,Size,XXL,,1899.00,,2299.00,,850.00,true,shopify,50,deny,260,g,true,manual,,,,,false,,,
,rumeds-pro-flex-womens-scrub-top,,,,,,,,RM-WTOP-BLK-XS,,Color,Black,,Size,XS,,1899.00,,2299.00,,850.00,true,shopify,50,deny,260,g,true,manual,,,,,false,,,
,rumeds-pro-flex-womens-scrub-top,,,,,,,,RM-WTOP-BLK-S,,Color,Black,,Size,S,,1899.00,,2299.00,,850.00,true,shopify,50,deny,260,g,true,manual,,,,,false,,,
,rumeds-pro-flex-womens-scrub-top,,,,,,,,RM-WTOP-BLK-M,,Color,Black,,Size,M,,1899.00,,2299.00,,850.00,true,shopify,50,deny,260,g,true,manual,,,,,false,,,
,rumeds-pro-flex-womens-scrub-top,,,,,,,,RM-WTOP-BLK-L,,Color,Black,,Size,L,,1899.00,,2299.00,,850.00,true,shopify,50,deny,260,g,true,manual,,,,,false,,,
,rumeds-pro-flex-womens-scrub-top,,,,,,,,RM-WTOP-BLK-XL,,Color,Black,,Size,XL,,1899.00,,2299.00,,850.00,true,shopify,50,deny,260,g,true,manual,,,,,false,,,
,rumeds-pro-flex-womens-scrub-top,,,,,,,,RM-WTOP-BLK-XXL,,Color,Black,,Size,XXL,,1899.00,,2299.00,,850.00,true,shopify,50,deny,260,g,true,manual,,,,,false,,,
,rumeds-pro-flex-womens-scrub-top,,,,,,,,RM-WTOP-GRY-XS,,Color,Graphite Grey,,Size,XS,,1899.00,,2299.00,,850.00,true,shopify,50,deny,260,g,true,manual,,,,,false,,,
,rumeds-pro-flex-womens-scrub-top,,,,,,,,RM-WTOP-GRY-S,,Color,Graphite Grey,,Size,S,,1899.00,,2299.00,,850.00,true,shopify,50,deny,260,g,true,manual,,,,,false,,,
,rumeds-pro-flex-womens-scrub-top,,,,,,,,RM-WTOP-GRY-M,,Color,Graphite Grey,,Size,M,,1899.00,,2299.00,,850.00,true,shopify,50,deny,260,g,true,manual,,,,,false,,,
,rumeds-pro-flex-womens-scrub-top,,,,,,,,RM-WTOP-GRY-L,,Color,Graphite Grey,,Size,L,,1899.00,,2299.00,,850.00,true,shopify,50,deny,260,g,true,manual,,,,,false,,,
,rumeds-pro-flex-womens-scrub-top,,,,,,,,RM-WTOP-GRY-XL,,Color,Graphite Grey,,Size,XL,,1899.00,,2299.00,,850.00,true,shopify,50,deny,260,g,true,manual,,,,,false,,,
,rumeds-pro-flex-womens-scrub-top,,,,,,,,RM-WTOP-GRY-XXL,,Color,Graphite Grey,,Size,XXL,,1899.00,,2299.00,,850.00,true,shopify,50,deny,260,g,true,manual,,,,,false,,,
,rumeds-pro-flex-womens-scrub-top,,,,,,,,RM-WTOP-WIN-XS,,Color,Wine,,Size,XS,,1899.00,,2299.00,,850.00,true,shopify,50,deny,260,g,true,manual,,,,,false,,,
,rumeds-pro-flex-womens-scrub-top,,,,,,,,RM-WTOP-WIN-S,,Color,Wine,,Size,S,,1899.00,,2299.00,,850.00,true,shopify,50,deny,260,g,true,manual,,,,,false,,,
,rumeds-pro-flex-womens-scrub-top,,,,,,,,RM-WTOP-WIN-M,,Color,Wine,,Size,M,,1899.00,,2299.00,,850.00,true,shopify,50,deny,260,g,true,manual,,,,,false,,,
,rumeds-pro-flex-womens-scrub-top,,,,,,,,RM-WTOP-WIN-L,,Color,Wine,,Size,L,,1899.00,,2299.00,,850.00,true,shopify,50,deny,260,g,true,manual,,,,,false,,,
,rumeds-pro-flex-womens-scrub-top,,,,,,,,RM-WTOP-WIN-XL,,Color,Wine,,Size,XL,,1899.00,,2299.00,,850.00,true,shopify,50,deny,260,g,true,manual,,,,,false,,,
,rumeds-pro-flex-womens-scrub-top,,,,,,,,RM-WTOP-WIN-XXL,,Color,Wine,,Size,XXL,,1899.00,,2299.00,,850.00,true,shopify,50,deny,260,g,true,manual,,,,,false,,,
Rumeds Pro Flex Women's Scrub Pants,rumeds-pro-flex-womens-scrub-pants,"<p>Women's scrub pants with a mid-rise yoga waistband and tapered leg. Pro Flex fabric moves with you through rounds, codes, and 24-hour calls.</p><ul><li>Yoga-style waistband for all-day comfort</li><li>4-way stretch with antimicrobial finish</li><li>Moisture-wicking and breathable</li><li>Cargo and hip pockets</li></ul>",Rumeds,Apparel & Accessories > Clothing > Uniforms > Scrubs,Scrub Pants,"women, scrubs, pants, pro-flex, medical-apparel",true,active,RM-WPNT-NVY-XS,,Color,Navy,,Size,XS,,1899.00,,2299.00,,900.00,true,shopify,50,deny,360,g,true,manual,,,,,false,Rumeds Pro Flex Women's Scrub Pants | Yoga Waist Scrubs,"Women's scrub pants with yoga waistband, 4-way stretch, and antimicrobial moisture-wicking fabric.",Apparel & Accessories > Clothing > Uniforms > Scrubs
,rumeds-pro-flex-womens-scrub-pants,,,,,,,,RM-WPNT-NVY-S,,Color,Navy,,Size,S,,1899.00,,2299.00,,900.00,true,shopify,50,deny,360,g,true,manual,,,,,false,,,
,rumeds-pro-flex-womens-scrub-pants,,,,,,,,RM-WPNT-NVY-M,,Color,Navy,,Size,M,,1899.00,,2299.00,,900.00,true,shopify,50,deny,360,g,true,manual,,,,,false,,,
,rumeds-pro-flex-womens-scrub-pants,,,,,,,,RM-WPNT-NVY-L,,Color,Navy,,Size,L,,1899.00,,2299.00,,900.00,true,shopify,50,deny,360,g,true,manual,,,,,false,,,
,rumeds-pro-flex-womens-scrub-pants,,,,,,,,RM-WPNT-NVY-XL,,Color,Navy,,Size,XL,,1899.00,,2299.00,,900.00,true,shopify,50,deny,360,g,true,manual,,,,,false,,,
,rumeds-pro-flex-womens-scrub-pants,,,,,,,,RM-WPNT-NVY-XXL,,Color,Navy,,Size,XXL,,1899.00,,2299.00,,900.00,true,shopify,50,deny,360,g,true,manual,,,,,false,,,
,rumeds-pro-flex-womens-scrub-pants,,,,,,,,RM-WPNT-CBL-XS,,Color,Ceil Blue,,Size,XS,,1899.00,,2299.00,,900.00,true,shopify,50,deny,360,g,true,manual,,,,,false,,,
,rumeds-pro-flex-womens-scrub-pants,,,,,,,,RM-WPNT-CBL-S,,Color,Ceil Blue,,Size,S,,1899.00,,2299.00,,900.00,true,shopify,50,deny,360,g,true,manual,,,,,false,,,
,rumeds-pro-flex-womens-scrub-pants,,,,,,,,RM-WPNT-CBL-M,,Color,Ceil Blue,,Size,M,,1899.00,,2299.00,,900.00,true,shopify,50,deny,360,g,true,manual,,,,,false,,,
,rumeds-pro-flex-womens-scrub-pants,,,,,,,,RM-WPNT-CBL-L,,Color,Ceil Blue,,Size,L,,1899.00,,2299.00,,900.00,true,shopify,50,deny,360,g,true,manual,,,,,false,,,
,rumeds-pro-flex-womens-scrub-pants,,,,,,,,RM-WPNT-CBL-XL,,Color,Ceil Blue,,Size,XL,,1899.00,,2299.00,,900.00,true,shopify,50,deny,360,g,true,manual,,,,,false,,,
,rumeds-pro-flex-womens-scrub-pants,,,,,,,,RM-WPNT-CBL-XXL,,Color,Ceil Blue,,Size,XXL,,1899.00,,2299.00,,900.00,true,shopify,50,deny,360,g,true,manual,,,,,false,,,
,rumeds-pro-flex-womens-scrub-pants,,,,,,,,RM-WPNT-BLK-XS,,Color,Black,,Size,XS,,1899.00,,2299.00,,900.00,true,shopify,50,deny,360,g,true,manual,,,,,false,,,
,rumeds-pro-flex-womens-scrub-pants,,,,,,,,RM-WPNT-BLK-S,,Color,Black,,Size,S,,1899.00,,2299.00,,900.00,true,shopify,50,deny,360,g,true,manual,,,,,false,,,
,rumeds-pro-flex-womens-scrub-pants,,,,,,,,RM-WPNT-BLK-M,,Color,Black,,Size,M,,1899.00,,2299.00,,900.00,true,shopify,50,deny,360,g,true,manual,,,,,false,,,
,rumeds-pro-flex-womens-scrub-pants,,,,,,,,RM-WPNT-BLK-L,,Color,Black,,Size,L,,1899.00,,2299.00,,900.00,true,shopify,50,deny,360,g,true,manual,,,,,false,,,
,rumeds-pro-flex-womens-scrub-pants,,,,,,,,RM-WPNT-BLK-XL,,Color,Black,,Size,XL,,1899.00,,2299.00,,900.00,true,shopify,50,deny,360,g,true,manual,,,,,false,,,
,rumeds-pro-flex-womens-scrub-pants,,,,,,,,RM-WPNT-BLK-XXL,,Color,Black,,Size,XXL,,1899.00,,2299.00,,900.00,true,shopify,50,deny,360,g,true,manual,,,,,false,,,
,rumeds-pro-flex-womens-scrub-pants,,,,,,,,RM-WPNT-GRY-XS,,Color,Graphite Grey,,Size,XS,,1899.00,,2299.00,,900.00,true,shopify,50,deny,360,g,true,manual,,,,,false,,,
,rumeds-pro-flex-womens-scrub-pants,,,,,,,,RM-WPNT-GRY-S,,Color,Graphite Grey,,Size,S,,1899.00,,2299.00,,900.00,true,shopify,50,deny,360,g,true,manual,,,,,false,,,
,rumeds-pro-flex-womens-scrub-pants,,,,,,,,RM-WPNT-GRY-M,,Color,Graphite Grey,,Size,M,,1899.00,,2299.00,,900.00,true,shopify,50,deny,360,g,true,manual,,,,,false,,,
,rumeds-pro-flex-womens-scrub-pants,,,,,,,,RM-WPNT-GRY-L,,Color,Graphite Grey,,Size,L,,1899.00,,2299.00,,900.00,true,shopify,50,deny,360,g,true,manual,,,,,false,,,
,rumeds-pro-flex-womens-scrub-pants,,,,,,,,RM-WPNT-GRY-XL,,Color,Graphite Grey,,Size,XL,,1899.00,,2299.00,,900.00,true,shopify,50,deny,360,g,true,manual,,,,,false,,,
,rumeds-pro-flex-womens-scrub-pants,,,,,,,,RM-WPNT-GRY-XXL,,Color,Graphite Grey,,Size,XXL,,1899.00,,2299.00,,900.00,true,shopify,50,deny,360,g,true,manual,,,,,false,,,
,rumeds-pro-flex-womens-scrub-pants,,,,,,,,RM-WPNT-WIN-XS,,Color,Wine,,Size,XS,,1899.00,,2299.00,,900.00,true,shopify,50,deny,360,g,true,manual,,,,,false,,,
,rumeds-pro-flex-womens-scrub-pants,,,,,,,,RM-WPNT-WIN-S,,Color,Wine,,Size,S,,1899.00,,2299.00,,900.00,true,shopify,50,deny,360,g,true,manual,,,,,false,,,
,rumeds-pro-flex-womens-scrub-pants,,,,,,,,RM-WPNT-WIN-M,,Color,Wine,,Size,M,,1899.00,,2299.00,,900.00,true,shopify,50,deny,360,g,true,manual,,,,,false,,,
,rumeds-pro-flex-womens-scrub-pants,,,,,,,,RM-WPNT-WIN-L,,Color,Wine,,Size,L,,1899.00,,2299.00,,900.00,true,shopify,50,deny,360,g,true,manual,,,,,false,,,
,rumeds-pro-flex-womens-scrub-pants,,,,,,,,RM-WPNT-WIN-XL,,Color,Wine,,Size,XL,,1899.00,,2299.00,,900.00,true,shopify,50,deny,360,g,true,manual,,,,,false,,,
,rumeds-pro-flex-womens-scrub-pants,,,,,,,,RM-WPNT-WIN-XXL,,Color,Wine,,Size,XXL,,1899.00,,2299.00,,900.00,true,shopify,50,deny,360,g,true,manual,,,,,false,,,
Rumeds Essential Men's Scrub Set,rumeds-essential-mens-scrub-set,"<p>Complete scrub set (top + pants) for doctors, residents, and nurses. Save with the Rumeds Essential bundle in our signature Pro Flex fabric.</p>
<ul>
<li>Includes matching scrub top and pants</li>
<li>4-way stretch with antimicrobial finish</li>
<li>Moisture-wicking for 12–24 hour shifts</li>
<li>Coordinated color and professional fit</li>
</ul>",Rumeds,Apparel & Accessories > Clothing > Uniforms > Scrubs,Scrub Set,"men, scrubs, sets, bundle, pro-flex, best-value",true,active,RM-MSET-NVY-S,,Color,Navy,,Size,S,,3499.00,,4199.00,,1600.00,true,shopify,50,deny,650,g,true,manual,,,,,false,Rumeds Essential Men's Scrub Set | Top + Pants Bundle,Save on a complete men's scrub set. Pro Flex top and pants with 4-way stretch and antimicrobial finish.,Apparel & Accessories > Clothing > Uniforms > Scrubs
,rumeds-essential-mens-scrub-set,,,,,,,,RM-MSET-NVY-M,,Color,Navy,,Size,M,,3499.00,,4199.00,,1600.00,true,shopify,50,deny,650,g,true,manual,,,,,false,,,
,rumeds-essential-mens-scrub-set,,,,,,,,RM-MSET-NVY-L,,Color,Navy,,Size,L,,3499.00,,4199.00,,1600.00,true,shopify,50,deny,650,g,true,manual,,,,,false,,,
,rumeds-essential-mens-scrub-set,,,,,,,,RM-MSET-NVY-XL,,Color,Navy,,Size,XL,,3499.00,,4199.00,,1600.00,true,shopify,50,deny,650,g,true,manual,,,,,false,,,
,rumeds-essential-mens-scrub-set,,,,,,,,RM-MSET-NVY-XXL,,Color,Navy,,Size,XXL,,3499.00,,4199.00,,1600.00,true,shopify,50,deny,650,g,true,manual,,,,,false,,,
,rumeds-essential-mens-scrub-set,,,,,,,,RM-MSET-CBL-S,,Color,Ceil Blue,,Size,S,,3499.00,,4199.00,,1600.00,true,shopify,50,deny,650,g,true,manual,,,,,false,,,
,rumeds-essential-mens-scrub-set,,,,,,,,RM-MSET-CBL-M,,Color,Ceil Blue,,Size,M,,3499.00,,4199.00,,1600.00,true,shopify,50,deny,650,g,true,manual,,,,,false,,,
,rumeds-essential-mens-scrub-set,,,,,,,,RM-MSET-CBL-L,,Color,Ceil Blue,,Size,L,,3499.00,,4199.00,,1600.00,true,shopify,50,deny,650,g,true,manual,,,,,false,,,
,rumeds-essential-mens-scrub-set,,,,,,,,RM-MSET-CBL-XL,,Color,Ceil Blue,,Size,XL,,3499.00,,4199.00,,1600.00,true,shopify,50,deny,650,g,true,manual,,,,,false,,,
,rumeds-essential-mens-scrub-set,,,,,,,,RM-MSET-CBL-XXL,,Color,Ceil Blue,,Size,XXL,,3499.00,,4199.00,,1600.00,true,shopify,50,deny,650,g,true,manual,,,,,false,,,
,rumeds-essential-mens-scrub-set,,,,,,,,RM-MSET-BLK-S,,Color,Black,,Size,S,,3499.00,,4199.00,,1600.00,true,shopify,50,deny,650,g,true,manual,,,,,false,,,
,rumeds-essential-mens-scrub-set,,,,,,,,RM-MSET-BLK-M,,Color,Black,,Size,M,,3499.00,,4199.00,,1600.00,true,shopify,50,deny,650,g,true,manual,,,,,false,,,
,rumeds-essential-mens-scrub-set,,,,,,,,RM-MSET-BLK-L,,Color,Black,,Size,L,,3499.00,,4199.00,,1600.00,true,shopify,50,deny,650,g,true,manual,,,,,false,,,
,rumeds-essential-mens-scrub-set,,,,,,,,RM-MSET-BLK-XL,,Color,Black,,Size,XL,,3499.00,,4199.00,,1600.00,true,shopify,50,deny,650,g,true,manual,,,,,false,,,
,rumeds-essential-mens-scrub-set,,,,,,,,RM-MSET-BLK-XXL,,Color,Black,,Size,XXL,,3499.00,,4199.00,,1600.00,true,shopify,50,deny,650,g,true,manual,,,,,false,,,
,rumeds-essential-mens-scrub-set,,,,,,,,RM-MSET-GRY-S,,Color,Graphite Grey,,Size,S,,3499.00,,4199.00,,1600.00,true,shopify,50,deny,650,g,true,manual,,,,,false,,,
,rumeds-essential-mens-scrub-set,,,,,,,,RM-MSET-GRY-M,,Color,Graphite Grey,,Size,M,,3499.00,,4199.00,,1600.00,true,shopify,50,deny,650,g,true,manual,,,,,false,,,
,rumeds-essential-mens-scrub-set,,,,,,,,RM-MSET-GRY-L,,Color,Graphite Grey,,Size,L,,3499.00,,4199.00,,1600.00,true,shopify,50,deny,650,g,true,manual,,,,,false,,,
,rumeds-essential-mens-scrub-set,,,,,,,,RM-MSET-GRY-XL,,Color,Graphite Grey,,Size,XL,,3499.00,,4199.00,,1600.00,true,shopify,50,deny,650,g,true,manual,,,,,false,,,
,rumeds-essential-mens-scrub-set,,,,,,,,RM-MSET-GRY-XXL,,Color,Graphite Grey,,Size,XXL,,3499.00,,4199.00,,1600.00,true,shopify,50,deny,650,g,true,manual,,,,,false,,,
,rumeds-essential-mens-scrub-set,,,,,,,,RM-MSET-WIN-S,,Color,Wine,,Size,S,,3499.00,,4199.00,,1600.00,true,shopify,50,deny,650,g,true,manual,,,,,false,,,
,rumeds-essential-mens-scrub-set,,,,,,,,RM-MSET-WIN-M,,Color,Wine,,Size,M,,3499.00,,4199.00,,1600.00,true,shopify,50,deny,650,g,true,manual,,,,,false,,,
,rumeds-essential-mens-scrub-set,,,,,,,,RM-MSET-WIN-L,,Color,Wine,,Size,L,,3499.00,,4199.00,,1600.00,true,shopify,50,deny,650,g,true,manual,,,,,false,,,
,rumeds-essential-mens-scrub-set,,,,,,,,RM-MSET-WIN-XL,,Color,Wine,,Size,XL,,3499.00,,4199.00,,1600.00,true,shopify,50,deny,650,g,true,manual,,,,,false,,,
,rumeds-essential-mens-scrub-set,,,,,,,,RM-MSET-WIN-XXL,,Color,Wine,,Size,XXL,,3499.00,,4199.00,,1600.00,true,shopify,50,deny,650,g,true,manual,,,,,false,,,
Rumeds Essential Women's Scrub Set,rumeds-essential-womens-scrub-set,"<p>Complete scrub set (top + pants) for doctors, residents, and nurses. Save with the Rumeds Essential bundle in our signature Pro Flex fabric.</p>
<ul>
<li>Includes matching scrub top and pants</li>
<li>4-way stretch with antimicrobial finish</li>
<li>Moisture-wicking for 12–24 hour shifts</li>
<li>Coordinated color and professional fit</li>
</ul>",Rumeds,Apparel & Accessories > Clothing > Uniforms > Scrubs,Scrub Set,"women, scrubs, sets, bundle, pro-flex, best-value",true,active,RM-WSET-NVY-XS,,Color,Navy,,Size,XS,,3499.00,,4199.00,,1600.00,true,shopify,50,deny,620,g,true,manual,,,,,false,Rumeds Essential Women's Scrub Set | Top + Pants Bundle,Complete women's scrub set with fitted top and yoga-waist pants in Pro Flex antimicrobial fabric.,Apparel & Accessories > Clothing > Uniforms > Scrubs
,rumeds-essential-womens-scrub-set,,,,,,,,RM-WSET-NVY-S,,Color,Navy,,Size,S,,3499.00,,4199.00,,1600.00,true,shopify,50,deny,620,g,true,manual,,,,,false,,,
,rumeds-essential-womens-scrub-set,,,,,,,,RM-WSET-NVY-M,,Color,Navy,,Size,M,,3499.00,,4199.00,,1600.00,true,shopify,50,deny,620,g,true,manual,,,,,false,,,
,rumeds-essential-womens-scrub-set,,,,,,,,RM-WSET-NVY-L,,Color,Navy,,Size,L,,3499.00,,4199.00,,1600.00,true,shopify,50,deny,620,g,true,manual,,,,,false,,,
,rumeds-essential-womens-scrub-set,,,,,,,,RM-WSET-NVY-XL,,Color,Navy,,Size,XL,,3499.00,,4199.00,,1600.00,true,shopify,50,deny,620,g,true,manual,,,,,false,,,
,rumeds-essential-womens-scrub-set,,,,,,,,RM-WSET-NVY-XXL,,Color,Navy,,Size,XXL,,3499.00,,4199.00,,1600.00,true,shopify,50,deny,620,g,true,manual,,,,,false,,,
,rumeds-essential-womens-scrub-set,,,,,,,,RM-WSET-CBL-XS,,Color,Ceil Blue,,Size,XS,,3499.00,,4199.00,,1600.00,true,shopify,50,deny,620,g,true,manual,,,,,false,,,
,rumeds-essential-womens-scrub-set,,,,,,,,RM-WSET-CBL-S,,Color,Ceil Blue,,Size,S,,3499.00,,4199.00,,1600.00,true,shopify,50,deny,620,g,true,manual,,,,,false,,,
,rumeds-essential-womens-scrub-set,,,,,,,,RM-WSET-CBL-M,,Color,Ceil Blue,,Size,M,,3499.00,,4199.00,,1600.00,true,shopify,50,deny,620,g,true,manual,,,,,false,,,
,rumeds-essential-womens-scrub-set,,,,,,,,RM-WSET-CBL-L,,Color,Ceil Blue,,Size,L,,3499.00,,4199.00,,1600.00,true,shopify,50,deny,620,g,true,manual,,,,,false,,,
,rumeds-essential-womens-scrub-set,,,,,,,,RM-WSET-CBL-XL,,Color,Ceil Blue,,Size,XL,,3499.00,,4199.00,,1600.00,true,shopify,50,deny,620,g,true,manual,,,,,false,,,
,rumeds-essential-womens-scrub-set,,,,,,,,RM-WSET-CBL-XXL,,Color,Ceil Blue,,Size,XXL,,3499.00,,4199.00,,1600.00,true,shopify,50,deny,620,g,true,manual,,,,,false,,,
,rumeds-essential-womens-scrub-set,,,,,,,,RM-WSET-BLK-XS,,Color,Black,,Size,XS,,3499.00,,4199.00,,1600.00,true,shopify,50,deny,620,g,true,manual,,,,,false,,,
,rumeds-essential-womens-scrub-set,,,,,,,,RM-WSET-BLK-S,,Color,Black,,Size,S,,3499.00,,4199.00,,1600.00,true,shopify,50,deny,620,g,true,manual,,,,,false,,,
,rumeds-essential-womens-scrub-set,,,,,,,,RM-WSET-BLK-M,,Color,Black,,Size,M,,3499.00,,4199.00,,1600.00,true,shopify,50,deny,620,g,true,manual,,,,,false,,,
,rumeds-essential-womens-scrub-set,,,,,,,,RM-WSET-BLK-L,,Color,Black,,Size,L,,3499.00,,4199.00,,1600.00,true,shopify,50,deny,620,g,true,manual,,,,,false,,,
,rumeds-essential-womens-scrub-set,,,,,,,,RM-WSET-BLK-XL,,Color,Black,,Size,XL,,3499.00,,4199.00,,1600.00,true,shopify,50,deny,620,g,true,manual,,,,,false,,,
,rumeds-essential-womens-scrub-set,,,,,,,,RM-WSET-BLK-XXL,,Color,Black,,Size,XXL,,3499.00,,4199.00,,1600.00,true,shopify,50,deny,620,g,true,manual,,,,,false,,,
,rumeds-essential-womens-scrub-set,,,,,,,,RM-WSET-GRY-XS,,Color,Graphite Grey,,Size,XS,,3499.00,,4199.00,,1600.00,true,shopify,50,deny,620,g,true,manual,,,,,false,,,
,rumeds-essential-womens-scrub-set,,,,,,,,RM-WSET-GRY-S,,Color,Graphite Grey,,Size,S,,3499.00,,4199.00,,1600.00,true,shopify,50,deny,620,g,true,manual,,,,,false,,,
,rumeds-essential-womens-scrub-set,,,,,,,,RM-WSET-GRY-M,,Color,Graphite Grey,,Size,M,,3499.00,,4199.00,,1600.00,true,shopify,50,deny,620,g,true,manual,,,,,false,,,
,rumeds-essential-womens-scrub-set,,,,,,,,RM-WSET-GRY-L,,Color,Graphite Grey,,Size,L,,3499.00,,4199.00,,1600.00,true,shopify,50,deny,620,g,true,manual,,,,,false,,,
,rumeds-essential-womens-scrub-set,,,,,,,,RM-WSET-GRY-XL,,Color,Graphite Grey,,Size,XL,,3499.00,,4199.00,,1600.00,true,shopify,50,deny,620,g,true,manual,,,,,false,,,
,rumeds-essential-womens-scrub-set,,,,,,,,RM-WSET-GRY-XXL,,Color,Graphite Grey,,Size,XXL,,3499.00,,4199.00,,1600.00,true,shopify,50,deny,620,g,true,manual,,,,,false,,,
,rumeds-essential-womens-scrub-set,,,,,,,,RM-WSET-WIN-XS,,Color,Wine,,Size,XS,,3499.00,,4199.00,,1600.00,true,shopify,50,deny,620,g,true,manual,,,,,false,,,
,rumeds-essential-womens-scrub-set,,,,,,,,RM-WSET-WIN-S,,Color,Wine,,Size,S,,3499.00,,4199.00,,1600.00,true,shopify,50,deny,620,g,true,manual,,,,,false,,,
,rumeds-essential-womens-scrub-set,,,,,,,,RM-WSET-WIN-M,,Color,Wine,,Size,M,,3499.00,,4199.00,,1600.00,true,shopify,50,deny,620,g,true,manual,,,,,false,,,
,rumeds-essential-womens-scrub-set,,,,,,,,RM-WSET-WIN-L,,Color,Wine,,Size,L,,3499.00,,4199.00,,1600.00,true,shopify,50,deny,620,g,true,manual,,,,,false,,,
,rumeds-essential-womens-scrub-set,,,,,,,,RM-WSET-WIN-XL,,Color,Wine,,Size,XL,,3499.00,,4199.00,,1600.00,true,shopify,50,deny,620,g,true,manual,,,,,false,,,
,rumeds-essential-womens-scrub-set,,,,,,,,RM-WSET-WIN-XXL,,Color,Wine,,Size,XXL,,3499.00,,4199.00,,1600.00,true,shopify,50,deny,620,g,true,manual,,,,,false,,,
Rumeds Performance Underscrub Tee,rumeds-performance-underscrub-tee,"<p>Base-layer underscrub tee worn beneath your Rumeds scrubs. Ultra-soft, breathable, and moisture-wicking for layered comfort in the OR and on the ward.</p><ul><li>Lightweight stretch jersey</li><li>Moisture-wicking and quick-dry</li><li>Tagless for irritation-free wear</li></ul>",Rumeds,Apparel & Accessories > Clothing > Uniforms > Scrubs,Underscrub,"underscrub, base-layer, unisex, accessories",true,active,RM-UND-NVY-S,,Color,Navy,,Size,S,,899.00,,1099.00,,400.00,true,shopify,50,deny,150,g,true,manual,,,,,false,Rumeds Performance Underscrub Tee | Base Layer for Scrubs,Moisture-wicking underscrub tee for doctors and nurses. Soft base layer under medical scrubs.,Apparel & Accessories > Clothing > Uniforms > Scrubs
,rumeds-performance-underscrub-tee,,,,,,,,RM-UND-NVY-M,,Color,Navy,,Size,M,,899.00,,1099.00,,400.00,true,shopify,50,deny,150,g,true,manual,,,,,false,,,
,rumeds-performance-underscrub-tee,,,,,,,,RM-UND-NVY-L,,Color,Navy,,Size,L,,899.00,,1099.00,,400.00,true,shopify,50,deny,150,g,true,manual,,,,,false,,,
,rumeds-performance-underscrub-tee,,,,,,,,RM-UND-NVY-XL,,Color,Navy,,Size,XL,,899.00,,1099.00,,400.00,true,shopify,50,deny,150,g,true,manual,,,,,false,,,
,rumeds-performance-underscrub-tee,,,,,,,,RM-UND-NVY-XXL,,Color,Navy,,Size,XXL,,899.00,,1099.00,,400.00,true,shopify,50,deny,150,g,true,manual,,,,,false,,,
,rumeds-performance-underscrub-tee,,,,,,,,RM-UND-CBL-S,,Color,Ceil Blue,,Size,S,,899.00,,1099.00,,400.00,true,shopify,50,deny,150,g,true,manual,,,,,false,,,
,rumeds-performance-underscrub-tee,,,,,,,,RM-UND-CBL-M,,Color,Ceil Blue,,Size,M,,899.00,,1099.00,,400.00,true,shopify,50,deny,150,g,true,manual,,,,,false,,,
,rumeds-performance-underscrub-tee,,,,,,,,RM-UND-CBL-L,,Color,Ceil Blue,,Size,L,,899.00,,1099.00,,400.00,true,shopify,50,deny,150,g,true,manual,,,,,false,,,
,rumeds-performance-underscrub-tee,,,,,,,,RM-UND-CBL-XL,,Color,Ceil Blue,,Size,XL,,899.00,,1099.00,,400.00,true,shopify,50,deny,150,g,true,manual,,,,,false,,,
,rumeds-performance-underscrub-tee,,,,,,,,RM-UND-CBL-XXL,,Color,Ceil Blue,,Size,XXL,,899.00,,1099.00,,400.00,true,shopify,50,deny,150,g,true,manual,,,,,false,,,
,rumeds-performance-underscrub-tee,,,,,,,,RM-UND-BLK-S,,Color,Black,,Size,S,,899.00,,1099.00,,400.00,true,shopify,50,deny,150,g,true,manual,,,,,false,,,
,rumeds-performance-underscrub-tee,,,,,,,,RM-UND-BLK-M,,Color,Black,,Size,M,,899.00,,1099.00,,400.00,true,shopify,50,deny,150,g,true,manual,,,,,false,,,
,rumeds-performance-underscrub-tee,,,,,,,,RM-UND-BLK-L,,Color,Black,,Size,L,,899.00,,1099.00,,400.00,true,shopify,50,deny,150,g,true,manual,,,,,false,,,
,rumeds-performance-underscrub-tee,,,,,,,,RM-UND-BLK-XL,,Color,Black,,Size,XL,,899.00,,1099.00,,400.00,true,shopify,50,deny,150,g,true,manual,,,,,false,,,
,rumeds-performance-underscrub-tee,,,,,,,,RM-UND-BLK-XXL,,Color,Black,,Size,XXL,,899.00,,1099.00,,400.00,true,shopify,50,deny,150,g,true,manual,,,,,false,,,
,rumeds-performance-underscrub-tee,,,,,,,,RM-UND-GRY-S,,Color,Graphite Grey,,Size,S,,899.00,,1099.00,,400.00,true,shopify,50,deny,150,g,true,manual,,,,,false,,,
,rumeds-performance-underscrub-tee,,,,,,,,RM-UND-GRY-M,,Color,Graphite Grey,,Size,M,,899.00,,1099.00,,400.00,true,shopify,50,deny,150,g,true,manual,,,,,false,,,
,rumeds-performance-underscrub-tee,,,,,,,,RM-UND-GRY-L,,Color,Graphite Grey,,Size,L,,899.00,,1099.00,,400.00,true,shopify,50,deny,150,g,true,manual,,,,,false,,,
,rumeds-performance-underscrub-tee,,,,,,,,RM-UND-GRY-XL,,Color,Graphite Grey,,Size,XL,,899.00,,1099.00,,400.00,true,shopify,50,deny,150,g,true,manual,,,,,false,,,
,rumeds-performance-underscrub-tee,,,,,,,,RM-UND-GRY-XXL,,Color,Graphite Grey,,Size,XXL,,899.00,,1099.00,,400.00,true,shopify,50,deny,150,g,true,manual,,,,,false,,,
,rumeds-performance-underscrub-tee,,,,,,,,RM-UND-WIN-S,,Color,Wine,,Size,S,,899.00,,1099.00,,400.00,true,shopify,50,deny,150,g,true,manual,,,,,false,,,
,rumeds-performance-underscrub-tee,,,,,,,,RM-UND-WIN-M,,Color,Wine,,Size,M,,899.00,,1099.00,,400.00,true,shopify,50,deny,150,g,true,manual,,,,,false,,,
,rumeds-performance-underscrub-tee,,,,,,,,RM-UND-WIN-L,,Color,Wine,,Size,L,,899.00,,1099.00,,400.00,true,shopify,50,deny,150,g,true,manual,,,,,false,,,
,rumeds-performance-underscrub-tee,,,,,,,,RM-UND-WIN-XL,,Color,Wine,,Size,XL,,899.00,,1099.00,,400.00,true,shopify,50,deny,150,g,true,manual,,,,,false,,,
,rumeds-performance-underscrub-tee,,,,,,,,RM-UND-WIN-XXL,,Color,Wine,,Size,XXL,,899.00,,1099.00,,400.00,true,shopify,50,deny,150,g,true,manual,,,,,false,,,
Rumeds OR Warm-Up Jacket,rumeds-or-warm-up-jacket,<p>Lightweight warm-up jacket for cold ORs and night shifts. Snap-front closure layers easily over scrubs without bulk.</p><ul><li>Soft fleece-lined interior</li><li>4-way stretch outer shell</li><li>Multiple pockets for essentials</li><li>Antimicrobial-treated fabric</li></ul>,Rumeds,Apparel & Accessories > Clothing > Uniforms > Scrubs,Warm-Up Jacket,"jacket, or-essentials, unisex, outerwear, pro-flex",true,active,RM-JKT-NVY-S,,Color,Navy,,Size,S,,2499.00,,2999.00,,1100.00,true,shopify,50,deny,450,g,true,manual,,,,,false,Rumeds OR Warm-Up Jacket | Medical Scrub Jacket,Warm-up jacket for operating rooms and hospital shifts. Layers over scrubs with stretch and antimicrobial fabric.,Apparel & Accessories > Clothing > Uniforms > Scrubs
,rumeds-or-warm-up-jacket,,,,,,,,RM-JKT-NVY-M,,Color,Navy,,Size,M,,2499.00,,2999.00,,1100.00,true,shopify,50,deny,450,g,true,manual,,,,,false,,,
,rumeds-or-warm-up-jacket,,,,,,,,RM-JKT-NVY-L,,Color,Navy,,Size,L,,2499.00,,2999.00,,1100.00,true,shopify,50,deny,450,g,true,manual,,,,,false,,,
,rumeds-or-warm-up-jacket,,,,,,,,RM-JKT-NVY-XL,,Color,Navy,,Size,XL,,2499.00,,2999.00,,1100.00,true,shopify,50,deny,450,g,true,manual,,,,,false,,,
,rumeds-or-warm-up-jacket,,,,,,,,RM-JKT-NVY-XXL,,Color,Navy,,Size,XXL,,2499.00,,2999.00,,1100.00,true,shopify,50,deny,450,g,true,manual,,,,,false,,,
,rumeds-or-warm-up-jacket,,,,,,,,RM-JKT-CBL-S,,Color,Ceil Blue,,Size,S,,2499.00,,2999.00,,1100.00,true,shopify,50,deny,450,g,true,manual,,,,,false,,,
,rumeds-or-warm-up-jacket,,,,,,,,RM-JKT-CBL-M,,Color,Ceil Blue,,Size,M,,2499.00,,2999.00,,1100.00,true,shopify,50,deny,450,g,true,manual,,,,,false,,,
,rumeds-or-warm-up-jacket,,,,,,,,RM-JKT-CBL-L,,Color,Ceil Blue,,Size,L,,2499.00,,2999.00,,1100.00,true,shopify,50,deny,450,g,true,manual,,,,,false,,,
,rumeds-or-warm-up-jacket,,,,,,,,RM-JKT-CBL-XL,,Color,Ceil Blue,,Size,XL,,2499.00,,2999.00,,1100.00,true,shopify,50,deny,450,g,true,manual,,,,,false,,,
,rumeds-or-warm-up-jacket,,,,,,,,RM-JKT-CBL-XXL,,Color,Ceil Blue,,Size,XXL,,2499.00,,2999.00,,1100.00,true,shopify,50,deny,450,g,true,manual,,,,,false,,,
,rumeds-or-warm-up-jacket,,,,,,,,RM-JKT-BLK-S,,Color,Black,,Size,S,,2499.00,,2999.00,,1100.00,true,shopify,50,deny,450,g,true,manual,,,,,false,,,
,rumeds-or-warm-up-jacket,,,,,,,,RM-JKT-BLK-M,,Color,Black,,Size,M,,2499.00,,2999.00,,1100.00,true,shopify,50,deny,450,g,true,manual,,,,,false,,,
,rumeds-or-warm-up-jacket,,,,,,,,RM-JKT-BLK-L,,Color,Black,,Size,L,,2499.00,,2999.00,,1100.00,true,shopify,50,deny,450,g,true,manual,,,,,false,,,
,rumeds-or-warm-up-jacket,,,,,,,,RM-JKT-BLK-XL,,Color,Black,,Size,XL,,2499.00,,2999.00,,1100.00,true,shopify,50,deny,450,g,true,manual,,,,,false,,,
,rumeds-or-warm-up-jacket,,,,,,,,RM-JKT-BLK-XXL,,Color,Black,,Size,XXL,,2499.00,,2999.00,,1100.00,true,shopify,50,deny,450,g,true,manual,,,,,false,,,
,rumeds-or-warm-up-jacket,,,,,,,,RM-JKT-GRY-S,,Color,Graphite Grey,,Size,S,,2499.00,,2999.00,,1100.00,true,shopify,50,deny,450,g,true,manual,,,,,false,,,
,rumeds-or-warm-up-jacket,,,,,,,,RM-JKT-GRY-M,,Color,Graphite Grey,,Size,M,,2499.00,,2999.00,,1100.00,true,shopify,50,deny,450,g,true,manual,,,,,false,,,
,rumeds-or-warm-up-jacket,,,,,,,,RM-JKT-GRY-L,,Color,Graphite Grey,,Size,L,,2499.00,,2999.00,,1100.00,true,shopify,50,deny,450,g,true,manual,,,,,false,,,
,rumeds-or-warm-up-jacket,,,,,,,,RM-JKT-GRY-XL,,Color,Graphite Grey,,Size,XL,,2499.00,,2999.00,,1100.00,true,shopify,50,deny,450,g,true,manual,,,,,false,,,
,rumeds-or-warm-up-jacket,,,,,,,,RM-JKT-GRY-XXL,,Color,Graphite Grey,,Size,XXL,,2499.00,,2999.00,,1100.00,true,shopify,50,deny,450,g,true,manual,,,,,false,,,
,rumeds-or-warm-up-jacket,,,,,,,,RM-JKT-WIN-S,,Color,Wine,,Size,S,,2499.00,,2999.00,,1100.00,true,shopify,50,deny,450,g,true,manual,,,,,false,,,
,rumeds-or-warm-up-jacket,,,,,,,,RM-JKT-WIN-M,,Color,Wine,,Size,M,,2499.00,,2999.00,,1100.00,true,shopify,50,deny,450,g,true,manual,,,,,false,,,
,rumeds-or-warm-up-jacket,,,,,,,,RM-JKT-WIN-L,,Color,Wine,,Size,L,,2499.00,,2999.00,,1100.00,true,shopify,50,deny,450,g,true,manual,,,,,false,,,
,rumeds-or-warm-up-jacket,,,,,,,,RM-JKT-WIN-XL,,Color,Wine,,Size,XL,,2499.00,,2999.00,,1100.00,true,shopify,50,deny,450,g,true,manual,,,,,false,,,
,rumeds-or-warm-up-jacket,,,,,,,,RM-JKT-WIN-XXL,,Color,Wine,,Size,XXL,,2499.00,,2999.00,,1100.00,true,shopify,50,deny,450,g,true,manual,,,,,false,,,
Rumeds Classic Lab Coat,rumeds-classic-lab-coat,"<p>Professional lab coat for rounds, clinics, and teaching. Crisp tailored look with stain-resistant, easy-care fabric.</p><ul><li>Mid-length professional cut</li><li>Stain-resistant finish</li><li>Three-button closure with chest pocket</li><li>Side access slits for scrub pockets</li></ul>",Rumeds,Apparel & Accessories > Clothing > Uniforms > Scrubs,Lab Coat,"lab-coat, unisex, professional, clinic",true,active,RM-LAB-NVY-S,,Color,Navy,,Size,S,,2199.00,,2699.00,,950.00,true,shopify,50,deny,520,g,true,manual,,,,,false,Rumeds Classic Lab Coat | Professional Medical Coat,Tailored lab coat for doctors and medical students. Stain-resistant professional coat for clinic and rounds.,Apparel & Accessories > Clothing > Uniforms > Lab Coats
,rumeds-classic-lab-coat,,,,,,,,RM-LAB-NVY-M,,Color,Navy,,Size,M,,2199.00,,2699.00,,950.00,true,shopify,50,deny,520,g,true,manual,,,,,false,,,
,rumeds-classic-lab-coat,,,,,,,,RM-LAB-NVY-L,,Color,Navy,,Size,L,,2199.00,,2699.00,,950.00,true,shopify,50,deny,520,g,true,manual,,,,,false,,,
,rumeds-classic-lab-coat,,,,,,,,RM-LAB-NVY-XL,,Color,Navy,,Size,XL,,2199.00,,2699.00,,950.00,true,shopify,50,deny,520,g,true,manual,,,,,false,,,
,rumeds-classic-lab-coat,,,,,,,,RM-LAB-NVY-XXL,,Color,Navy,,Size,XXL,,2199.00,,2699.00,,950.00,true,shopify,50,deny,520,g,true,manual,,,,,false,,,
,rumeds-classic-lab-coat,,,,,,,,RM-LAB-CBL-S,,Color,Ceil Blue,,Size,S,,2199.00,,2699.00,,950.00,true,shopify,50,deny,520,g,true,manual,,,,,false,,,
,rumeds-classic-lab-coat,,,,,,,,RM-LAB-CBL-M,,Color,Ceil Blue,,Size,M,,2199.00,,2699.00,,950.00,true,shopify,50,deny,520,g,true,manual,,,,,false,,,
,rumeds-classic-lab-coat,,,,,,,,RM-LAB-CBL-L,,Color,Ceil Blue,,Size,L,,2199.00,,2699.00,,950.00,true,shopify,50,deny,520,g,true,manual,,,,,false,,,
,rumeds-classic-lab-coat,,,,,,,,RM-LAB-CBL-XL,,Color,Ceil Blue,,Size,XL,,2199.00,,2699.00,,950.00,true,shopify,50,deny,520,g,true,manual,,,,,false,,,
,rumeds-classic-lab-coat,,,,,,,,RM-LAB-CBL-XXL,,Color,Ceil Blue,,Size,XXL,,2199.00,,2699.00,,950.00,true,shopify,50,deny,520,g,true,manual,,,,,false,,,
,rumeds-classic-lab-coat,,,,,,,,RM-LAB-BLK-S,,Color,Black,,Size,S,,2199.00,,2699.00,,950.00,true,shopify,50,deny,520,g,true,manual,,,,,false,,,
,rumeds-classic-lab-coat,,,,,,,,RM-LAB-BLK-M,,Color,Black,,Size,M,,2199.00,,2699.00,,950.00,true,shopify,50,deny,520,g,true,manual,,,,,false,,,
,rumeds-classic-lab-coat,,,,,,,,RM-LAB-BLK-L,,Color,Black,,Size,L,,2199.00,,2699.00,,950.00,true,shopify,50,deny,520,g,true,manual,,,,,false,,,
,rumeds-classic-lab-coat,,,,,,,,RM-LAB-BLK-XL,,Color,Black,,Size,XL,,2199.00,,2699.00,,950.00,true,shopify,50,deny,520,g,true,manual,,,,,false,,,
,rumeds-classic-lab-coat,,,,,,,,RM-LAB-BLK-XXL,,Color,Black,,Size,XXL,,2199.00,,2699.00,,950.00,true,shopify,50,deny,520,g,true,manual,,,,,false,,,
,rumeds-classic-lab-coat,,,,,,,,RM-LAB-GRY-S,,Color,Graphite Grey,,Size,S,,2199.00,,2699.00,,950.00,true,shopify,50,deny,520,g,true,manual,,,,,false,,,
,rumeds-classic-lab-coat,,,,,,,,RM-LAB-GRY-M,,Color,Graphite Grey,,Size,M,,2199.00,,2699.00,,950.00,true,shopify,50,deny,520,g,true,manual,,,,,false,,,
,rumeds-classic-lab-coat,,,,,,,,RM-LAB-GRY-L,,Color,Graphite Grey,,Size,L,,2199.00,,2699.00,,950.00,true,shopify,50,deny,520,g,true,manual,,,,,false,,,
,rumeds-classic-lab-coat,,,,,,,,RM-LAB-GRY-XL,,Color,Graphite Grey,,Size,XL,,2199.00,,2699.00,,950.00,true,shopify,50,deny,520,g,true,manual,,,,,false,,,
,rumeds-classic-lab-coat,,,,,,,,RM-LAB-GRY-XXL,,Color,Graphite Grey,,Size,XXL,,2199.00,,2699.00,,950.00,true,shopify,50,deny,520,g,true,manual,,,,,false,,,
,rumeds-classic-lab-coat,,,,,,,,RM-LAB-WIN-S,,Color,Wine,,Size,S,,2199.00,,2699.00,,950.00,true,shopify,50,deny,520,g,true,manual,,,,,false,,,
,rumeds-classic-lab-coat,,,,,,,,RM-LAB-WIN-M,,Color,Wine,,Size,M,,2199.00,,2699.00,,950.00,true,shopify,50,deny,520,g,true,manual,,,,,false,,,
,rumeds-classic-lab-coat,,,,,,,,RM-LAB-WIN-L,,Color,Wine,,Size,L,,2199.00,,2699.00,,950.00,true,shopify,50,deny,520,g,true,manual,,,,,false,,,
,rumeds-classic-lab-coat,,,,,,,,RM-LAB-WIN-XL,,Color,Wine,,Size,XL,,2199.00,,2699.00,,950.00,true,shopify,50,deny,520,g,true,manual,,,,,false,,,
,rumeds-classic-lab-coat,,,,,,,,RM-LAB-WIN-XXL,,Color,Wine,,Size,XXL,,2199.00,,2699.00,,950.00,true,shopify,50,deny,520,g,true,manual,,,,,false,,,
Rumeds Surgical Scrub Cap,rumeds-surgical-scrub-cap,<p>Lightweight surgical scrub cap with moisture-wicking fabric. Keeps hair secure and comfortable through long procedures.</p>,Rumeds,Apparel & Accessories > Clothing > Uniforms > Scrubs,Scrub Cap,"scrubs, accessories, or-essentials, unisex",true,active,RM-CAP-NVY-OS,,Color,Navy,,Size,One Size,,399.00,,499.00,,180.00,true,shopify,100,deny,40,g,true,manual,,,,,false,Rumeds Surgical Scrub Cap | OR Essentials,Moisture-wicking surgical scrub cap for doctors and surgeons.,
,rumeds-surgical-scrub-cap,,,,,,,,RM-CAP-CBL-OS,,Color,Ceil Blue,,Size,One Size,,399.00,,499.00,,180.00,true,shopify,100,deny,40,g,true,manual,,,,,false,,,
,rumeds-surgical-scrub-cap,,,,,,,,RM-CAP-BLK-OS,,Color,Black,,Size,One Size,,399.00,,499.00,,180.00,true,shopify,100,deny,40,g,true,manual,,,,,false,,,
,rumeds-surgical-scrub-cap,,,,,,,,RM-CAP-GRY-OS,,Color,Graphite Grey,,Size,One Size,,399.00,,499.00,,180.00,true,shopify,100,deny,40,g,true,manual,,,,,false,,,
,rumeds-surgical-scrub-cap,,,,,,,,RM-CAP-WIN-OS,,Color,Wine,,Size,One Size,,399.00,,499.00,,180.00,true,shopify,100,deny,40,g,true,manual,,,,,false,,,
